ckpt,poseMAE,poseRMSE,gripMAE,gripAcc,overallL1
010000,0.08160,0.10565,0.06361,0.953,0.07903
020000,0.08502,0.11137,0.05713,0.953,0.08104
030000,0.07632,0.10018,0.05188,0.960,0.07283
040000,0.07753,0.10304,0.05287,0.954,0.07401
050000,0.07528,0.09876,0.05511,0.949,0.07240
060000,0.07725,0.10107,0.05083,0.953,0.07348
070000,0.07349,0.09687,0.05140,0.953,0.07034
080000,0.07448,0.09790,0.05175,0.952,0.07123
090000,0.07479,0.09857,0.05226,0.952,0.07157
100000,0.07460,0.09842,0.05143,0.952,0.07129
